,mean_fit_time,std_fit_time,mean_score_time,std_score_time,param_transform,param_transform__n_components,params,split0_test_accuracy,split1_test_accuracy,split2_test_accuracy,split3_test_accuracy,split4_test_accuracy,mean_test_accuracy,std_test_accuracy,rank_test_accuracy,split0_train_accuracy,split1_train_accuracy,split2_train_accuracy,split3_train_accuracy,split4_train_accuracy,mean_train_accuracy,std_train_accuracy,split0_test_precision,split1_test_precision,split2_test_precision,split3_test_precision,split4_test_precision,mean_test_precision,std_test_precision,rank_test_precision,split0_train_precision,split1_train_precision,split2_train_precision,split3_train_precision,split4_train_precision,mean_train_precision,std_train_precision,split0_test_recall,split1_test_recall,split2_test_recall,split3_test_recall,split4_test_recall,mean_test_recall,std_test_recall,rank_test_recall,split0_train_recall,split1_train_recall,split2_train_recall,split3_train_recall,split4_train_recall,mean_train_recall,std_train_recall,split0_test_balanced_accuracy,split1_test_balanced_accuracy,split2_test_balanced_accuracy,split3_test_balanced_accuracy,split4_test_balanced_accuracy,mean_test_balanced_accuracy,std_test_balanced_accuracy,rank_test_balanced_accuracy,split0_train_balanced_accuracy,split1_train_balanced_accuracy,split2_train_balanced_accuracy,split3_train_balanced_accuracy,split4_train_balanced_accuracy,mean_train_balanced_accuracy,std_train_balanced_accuracy,split0_test_average_precision,split1_test_average_precision,split2_test_average_precision,split3_test_average_precision,split4_test_average_precision,mean_test_average_precision,std_test_average_precision,rank_test_average_precision,split0_train_average_precision,split1_train_average_precision,split2_train_average_precision,split3_train_average_precision,split4_train_average_precision,mean_train_average_precision,std_train_average_precision,split0_test_brier_score_loss,split1_test_brier_score_loss,split2_test_brier_score_loss,split3_test_brier_score_loss,split4_test_brier_score_loss,mean_test_brier_score_loss,std_test_brier_score_loss,rank_test_brier_score_loss,split0_train_brier_score_loss,split1_train_brier_score_loss,split2_train_brier_score_loss,split3_train_brier_score_loss,split4_train_brier_score_loss,mean_train_brier_score_loss,std_train_brier_score_loss,split0_test_neg_log_loss,split1_test_neg_log_loss,split2_test_neg_log_loss,split3_test_neg_log_loss,split4_test_neg_log_loss,mean_test_neg_log_loss,std_test_neg_log_loss,rank_test_neg_log_loss,split0_train_neg_log_loss,split1_train_neg_log_loss,split2_train_neg_log_loss,split3_train_neg_log_loss,split4_train_neg_log_loss,mean_train_neg_log_loss,std_train_neg_log_loss
0,0.9046951293945312,0.07079479610019636,0.10944118499755859,0.022980309898224794,,,{},0.8943396226415095,0.9169811320754717,0.9507575757575758,0.9201520912547528,0.8859315589353612,0.9136363636363637,0.022671266450564387,1,0.9421800947867298,0.9393364928909953,0.9327651515151515,0.9309366130558183,0.9422894985808893,0.9375015701659167,0.004768901677204387,0.9013157894736842,0.8809523809523809,0.930379746835443,0.8902439024390244,0.8520710059171598,0.8910228327463188,0.025570346899562946,2,0.9253968253968254,0.9264,0.9060092449922958,0.9107981220657277,0.9241706161137441,0.9185549617137185,0.00845523350465015,0.9133333333333333,0.9866666666666667,0.9865771812080537,0.9798657718120806,0.9664429530201343,0.9665420988407565,0.027664747729423855,2,0.9765494137353434,0.9698492462311558,0.9832775919732442,0.9732441471571907,0.9782608695652174,0.9762362537324304,0.004550256020451463,0.8914492753623189,0.9063768115942029,0.9454625036475051,0.9109855174849877,0.8735723537030495,0.9055793440370252,0.023838636118018,1,0.9369646631995494,0.9347062825042242,0.92504490952374,0.9245305703106215,0.9368428530832623,0.9316178557242795,0.005636675684193581,0.9722170253536818,0.9916185892266784,0.9716111928972117,0.9715410957909816,0.9654918984301629,0.9745162653551669,0.008913946301421033,1,0.9888001630057519,0.9851430410205664,0.9852688402088505,0.9846025092713393,0.9882704894149836,0.9864170085842983,0.0017520563869213792,-0.0699598457798885,-0.05401921783686389,-0.045235679157453,-0.057905113124462525,-0.0720174818033531,-0.05982296486516855,0.010015515375096679,7,-0.04239546270925687,-0.0449750702565385,-0.04598404417663497,-0.048174119977019085,-0.041142099337041715,-0.044534159291298225,0.0025149940857543416,-0.26522561382539284,-0.18669163727491583,-0.24609422820751942,-0.2391491818300079,-0.24656175125177424,-0.23671888120369367,0.026526263780789757,7,-0.1647205627110257,-0.17349918990389773,-0.175860381701765,-0.18585625137985273,-0.16066374479046241,-0.1721200260974007,0.008838265414124346
1,3.2774213790893554,0.061759288909895564,1.4409525394439697,0.071125497054342,"Isomap(eigen_solver='auto', max_iter=None, n_components=2, n_jobs=-1,
    n_neighbors=5, neighbors_algorithm='auto', path_method='auto', tol=0)",2,"{'transform': Isomap(eigen_solver='auto', max_iter=None, n_components=2, n_jobs=-1,
    n_neighbors=5, neighbors_algorithm='auto', path_method='auto', tol=0), 'transform__n_components': 2}",0.7811320754716982,0.7584905660377359,0.7272727272727273,0.7718631178707225,0.6768060836501901,0.7431818181818182,0.037795694937997164,13,0.8407582938388626,0.7611374407582938,0.7888257575757576,0.8003784295175024,0.7369914853358562,0.7856182814052545,0.035305658757811116,0.8108108108108109,0.7721518987341772,0.7175141242937854,0.8068965517241379,0.8809523809523809,0.7975856940431103,0.053378634587491806,12,0.8783068783068783,0.8031634446397188,0.7811094452773614,0.8511796733212341,0.925531914893617,0.8478582712877619,0.051815784457532384,0.8,0.8133333333333334,0.8523489932885906,0.785234899328859,0.4966442953020134,0.7497634058707884,0.12821355541705448,19,0.8341708542713567,0.7654941373534339,0.8712374581939799,0.7842809364548495,0.5819397993311036,0.7674246371209448,0.09992461761702388,0.7782608695652173,0.750144927536232,0.7087831922964691,0.7698104321205699,0.7044624985281996,0.7423333937566502,0.03053994109850596,12,0.8417579162186478,0.7604763263186383,0.7762300828087804,0.8028158494910413,0.760468810340933,0.7883497970356081,0.030863768824080814,0.8874023219246367,0.8822905171810065,0.797737987966453,0.8586605982447197,0.844991745425782,0.8542666648268795,0.0322206918699796,12,0.9364328969525709,0.8803153996928688,0.902370177189477,0.8987451262894723,0.8863915700228999,0.9008510340294578,0.019512047506052326,-0.14624885063528167,-0.1722433030500732,-0.1756162614998213,-0.1621839513369184,-0.18940553030775026,-0.16911450563266647,0.01438704046237848,18,-0.11633519834425386,-0.1692141251952538,-0.14219396375021856,-0.14743795749860794,-0.16829573265654582,-0.148695395488976,0.019474206582247876,-0.44048161095990124,-0.5031477409076747,-0.6478838680258611,-0.5499556430657879,-0.597246273172088,-0.5475888055865881,0.07213750586962331,19,-0.36708023123973144,-0.5032903487787125,-0.43406590192405314,-0.45196528573822586,-0.49516098477430376,-0.4503125504910053,0.049014963552935054
2,2.6702027320861816,0.35665155024693634,1.3960300445556642,0.12479513162071958,"Isomap(eigen_solver='auto', max_iter=None, n_components=2, n_jobs=-1,
    n_neighbors=5, neighbors_algorithm='auto', path_method='auto', tol=0)",4,"{'transform': Isomap(eigen_solver='auto', max_iter=None, n_components=2, n_jobs=-1,
    n_neighbors=5, neighbors_algorithm='auto', path_method='auto', tol=0), 'transform__n_components': 4}",0.8301886792452831,0.8150943396226416,0.8484848484848485,0.8555133079847909,0.7718631178707225,0.8242424242424242,0.029713818100133377,9,0.8729857819905213,0.8483412322274881,0.8494318181818182,0.8656575212866604,0.8429517502365185,0.8558736207846014,0.011434677142635465,0.8776978417266187,0.8389261744966443,0.8427672955974843,0.84472049689441,0.856,0.8520344098637351,0.014060011430319565,9,0.8957264957264958,0.8936936936936937,0.8403100775193798,0.8596214511041009,0.9,0.8778703436087341,0.02367588619126256,0.8133333333333334,0.8333333333333334,0.8993288590604027,0.912751677852349,0.7181208053691275,0.8353855670801981,0.06963173857444167,16,0.8777219430485762,0.830820770519263,0.9063545150501672,0.9113712374581939,0.8127090301003345,0.8677954992353069,0.03971354074982872,0.8327536231884058,0.8123188405797102,0.8409687773562884,0.846726716119157,0.7801130342635111,0.8225900109630702,0.024187595159602716,9,0.872267085061406,0.8509999049102865,0.840731842677922,0.8587357276615588,0.8475309856384026,0.8540531091899153,0.010798075071753468,0.9410824693652028,0.9089683051833527,0.9226513736269494,0.938431064288238,0.8908772945704662,0.920417815358122,0.01874997088407734,9,0.9642855000349375,0.9360157757369922,0.9419200547383707,0.9494550129082442,0.9380893221095593,0.9459531331056208,0.01024885511023667,-0.10909998111514004,-0.13566117558321147,-0.12007165583306224,-0.10279562649039821,-0.1567664362191858,-0.12486776224061527,0.019434563552701067,15,-0.08914816064553245,-0.11855283290626845,-0.10855009713677868,-0.09681104818383048,-0.11475154925446172,-0.10556273762537435,0.011028431954909297,-0.38810725407511404,-0.5096260926240965,-0.43271504385080556,-0.37977886305935804,-0.45871254276627094,-0.4338328395333666,0.04773634952750928,15,-0.291448159417805,-0.3753046437374581,-0.3412612150607184,-0.32673894827103606,-0.36026262048159335,-0.33900311739372213,0.02893700110192121
3,2.538137435913086,0.2607167624857399,1.461470937728882,0.05661069779368566,"Isomap(eigen_solver='auto', max_iter=None, n_components=2, n_jobs=-1,
    n_neighbors=5, neighbors_algorithm='auto', path_method='auto', tol=0)",6,"{'transform': Isomap(eigen_solver='auto', max_iter=None, n_components=2, n_jobs=-1,
    n_neighbors=5, neighbors_algorithm='auto', path_method='auto', tol=0), 'transform__n_components': 6}",0.8566037735849057,0.8264150943396227,0.9015151515151515,0.8745247148288974,0.8288973384030418,0.8575757575757575,0.028325956234480008,8,0.8919431279620853,0.8843601895734597,0.8996212121212122,0.8732261116367077,0.8675496688741722,0.8833400620335274,0.01176229365815104,0.8943661971830986,0.8376623376623377,0.9300699300699301,0.8717948717948718,0.8466666666666667,0.8761222787029445,0.033502902823894405,5,0.9128205128205128,0.9130434782608695,0.9046052631578947,0.8647798742138365,0.8754098360655738,0.8941317929037375,0.02014279262152185,0.8466666666666667,0.86,0.8926174496644296,0.912751677852349,0.8523489932885906,0.8728326893091994,0.025493036821834937,12,0.8944723618090452,0.8793969849246231,0.919732441471572,0.919732441471572,0.8929765886287625,0.9012621636611149,0.01596959942375992,0.8581159420289854,0.821304347826087,0.9028304639626495,0.8686565406805604,0.8252973036618392,0.8552299093634732,0.030005451362348886,8,0.8915593250093261,0.8851133396238836,0.8965474434432096,0.866184303524457,0.8636996232904162,0.8806208069782585,0.01332839723855823,0.9365998513192545,0.9116957000906136,0.9524382034026945,0.9430968840520731,0.8983722037396533,0.9284457400842049,0.020193270931973446,8,0.9713048256460715,0.9513803957001731,0.9722421304740685,0.9550034360175299,0.9546889998867132,0.9609239575449111,0.008953996937994162,-0.10571929708731205,-0.12479134264868487,-0.09514022108572832,-0.09914586594292538,-0.13604840875867213,-0.11216547889635729,0.015676021968078914,14,-0.07891035122488138,-0.10180272888923438,-0.08183075157179563,-0.09068356727821308,-0.09806894128506655,-0.0902592680498382,0.008879868435369273,-0.39030184933776774,-0.4959790643706001,-0.3258801055917213,-0.35710241070405757,-0.48698146287431215,-0.4112809460303357,0.06865725661986079,14,-0.2621675315927106,-0.33074962558602694,-0.27103611216611956,-0.3092716458916884,-0.3226626553384654,-0.2991775141150022,0.027611298003892653
4,3.214032697677612,1.008445789399446,1.506187343597412,0.2679150289782865,"Isomap(eigen_solver='auto', max_iter=None, n_components=2, n_jobs=-1,
    n_neighbors=5, neighbors_algorithm='auto', path_method='auto', tol=0)",8,"{'transform': Isomap(eigen_solver='auto', max_iter=None, n_components=2, n_jobs=-1,
    n_neighbors=5, neighbors_algorithm='auto', path_method='auto', tol=0), 'transform__n_components': 8}",0.8528301886792453,0.8339622641509434,0.8901515151515151,0.8745247148288974,0.8555133079847909,0.8613636363636363,0.019298556258682292,7,0.8947867298578199,0.8881516587677725,0.9015151515151515,0.8789025543992431,0.8949858088930936,0.891668380686616,0.007655350822297221,0.8775510204081632,0.8533333333333334,0.9285714285714286,0.881578947368421,0.87248322147651,0.8826860312807353,0.02490665113595889,4,0.911864406779661,0.9165217391304348,0.9102990033222591,0.8839869281045751,0.9011532125205931,0.9047650579715046,0.011524070156381457,0.86,0.8533333333333334,0.87248322147651,0.8993288590604027,0.87248322147651,0.8714814249881365,0.015731934294505635,13,0.9011725293132329,0.8827470686767169,0.9163879598662207,0.9046822742474916,0.9147157190635451,0.9039411102334414,0.012069946339055495,0.8517391304347826,0.8310144927536232,0.8927633498686898,0.8707170611091487,0.8529082774049217,0.8597974988935319,0.020734497536314348,7,0.8938177057046514,0.8889717876134676,0.8992420148676081,0.8749990891934626,0.8919983824075896,0.8898057959573558,0.008122551539928738,0.9337221090858325,0.9123378022459612,0.9579717775476327,0.9491620794024629,0.9341424015017756,0.9374390183737236,0.015592663257811824,6,0.9744065068250682,0.9532111680967048,0.9742374933758716,0.9699904568876162,0.9663646448769541,0.9676420540124429,0.007805829625702837,-0.10139605935168523,-0.12258281760302107,-0.09092557708154717,-0.0992612286141125,-0.11394715090641319,-0.105630726179109,0.01124296616323534,12,-0.07583131482294013,-0.09627216114472267,-0.07636768206637053,-0.08791147600028262,-0.08201013513531996,-0.08367855383392717,0.0076723947006918395,-0.4327577762205838,-0.48426361687166686,-0.3157602269679982,-0.33848047292612365,-0.37833783759229694,-0.3900716551176838,0.061718160079480715,13,-0.25248470434742165,-0.3187200655556199,-0.2533615722458113,-0.30077150095901295,-0.2786635570219918,-0.2808002800259715,0.026061388666068153
5,17.460112142562867,1.176256166330595,1.2904344081878663,0.03504488808384281,"Isomap(eigen_solver='auto', max_iter=None, n_components=2, n_jobs=-1,
    n_neighbors=5, neighbors_algorithm='auto', path_method='auto', tol=0)",10,"{'transform': Isomap(eigen_solver='auto', max_iter=None, n_components=2, n_jobs=-1,
    n_neighbors=5, neighbors_algorithm='auto', path_method='auto', tol=0), 'transform__n_components': 10}",0.8679245283018868,0.8339622641509434,0.8939393939393939,0.8745247148288974,0.8593155893536122,0.865909090909091,0.019654507385755176,5,0.9071090047393365,0.8928909952606635,0.9100378787878788,0.8940397350993378,0.8902554399243141,0.8988666107623061,0.008073329675692442,0.896551724137931,0.8581081081081081,0.9230769230769231,0.8766233766233766,0.8835616438356164,0.8875801694077449,0.021672054366474448,3,0.9207419898819561,0.9336917562724014,0.9212730318257957,0.900990099009901,0.9057239057239057,0.916484156542792,0.011772958644220184,0.8666666666666667,0.8466666666666667,0.8859060402684564,0.9060402684563759,0.8657718120805369,0.8741659887465256,0.02017758887753078,11,0.914572864321608,0.8726968174204355,0.919732441471572,0.9130434782608695,0.8996655518394648,0.90394223066279,0.016969028656105795,0.8681159420289855,0.8320289855072465,0.8951269331777065,0.8696868008948546,0.8583245025314965,0.864635521937232,0.020367600124578833,4,0.9059763884926817,0.895955395609781,0.9085561770676638,0.8911622620062518,0.888830597270495,0.8980961640893745,0.007874292659142587,0.9384577888530024,0.9263202623599285,0.9419334214918261,0.9505999756240628,0.9296252132595797,0.9373756299406568,0.008702820066974705,7,0.9800736964457049,0.9611631280905696,0.976044401276843,0.9699836706629633,0.9657134280780969,0.9705956649108355,0.006822101348972776,-0.09502614872150655,-0.12224723558918334,-0.09820348662955701,-0.09947655371692711,-0.11645230590596115,-0.10628216469193597,0.010931355752174838,13,-0.06771133113873858,-0.08853938396524803,-0.07675131933898878,-0.08207729026957739,-0.08342751352380014,-0.07970136764727058,0.007072530867155404,-0.3758035733823034,-0.4792076372656457,-0.357458110697749,-0.3455076907401399,-0.3806727178379888,-0.3878275450772425,0.04750697015787448,12,-0.22983993810308112,-0.29314420695891213,-0.25796971889268105,-0.28681369111653987,-0.28333604108670757,-0.27022071923158436,0.02346707977902336
6,16.758230638504028,1.4125186393582287,1.2304893493652345,0.028732412109051697,"Isomap(eigen_solver='auto', max_iter=None, n_components=2, n_jobs=-1,
    n_neighbors=5, neighbors_algorithm='auto', path_method='auto', tol=0)",12,"{'transform': Isomap(eigen_solver='auto', max_iter=None, n_components=2, n_jobs=-1,
    n_neighbors=5, neighbors_algorithm='auto', path_method='auto', tol=0), 'transform__n_components': 12}",0.8754716981132076,0.8264150943396227,0.8825757575757576,0.8973384030418251,0.8365019011406845,0.8636363636363636,0.027404351030886846,6,0.9137440758293839,0.8928909952606635,0.9081439393939394,0.8949858088930936,0.8959318826868495,0.901139340412786,0.008257875340413152,0.903448275862069,0.8466666666666667,0.9097222222222222,0.9013157894736842,0.9015151515151515,0.892493684785489,0.02316878934503814,1,0.931740614334471,0.9306049822064056,0.9181969949916527,0.9065108514190318,0.9280701754385965,0.9230247236780315,0.009538328931380293,0.8733333333333333,0.8466666666666667,0.8791946308724832,0.9194630872483222,0.7986577181208053,0.8634645108806183,0.039840706829752895,14,0.914572864321608,0.8760469011725294,0.919732441471572,0.9080267558528428,0.8846153846153846,0.9005988694867874,0.017174460929800676,0.8757971014492754,0.8233333333333334,0.8830755763058068,0.8939420699399505,0.8423113152007535,0.863663755798583,0.026551090426672128,6,0.9136183098900617,0.8954470313722909,0.9063727709541266,0.8930111992771839,0.8976453829395006,0.9012189388866327,0.0076649669825579496,0.9360606921940571,0.9396965859835197,0.9309048252389249,0.9572050148704401,0.9362905938328288,0.940018104294768,0.009022070182322619,5,0.9819294888788677,0.9644151026162637,0.9765050163720013,0.976243936485821,0.9685616186627981,0.9735310326031504,0.006237527541991609,-0.09547047446343453,-0.1222287857310544,-0.09887176001664158,-0.08908468131490983,-0.11959944688248422,-0.10505785932715724,0.013351585982227347,11,-0.06533173082663352,-0.08715698557431749,-0.07276713594095065,-0.07612355869166418,-0.08289454497206528,-0.07685479120112622,0.00765033831173139,-0.3521437171846977,-0.4040820229305315,-0.48634448142541253,-0.2963272176086779,-0.3995975626588273,-0.3877446829069686,0.06281325539582243,11,-0.22121632970871083,-0.2875793348308433,-0.2447414107127503,-0.262789651025831,-0.28237659623967304,-0.2597406645035617,0.02451846355558549
7,2.316578578948975,0.2574774398056926,0.12687835693359376,0.005787551418158748,"PCA(copy=True, iterated_power='auto', n_components=None, random_state=None,
  svd_solver='auto', tol=0.0, whiten=False)",2,"{'transform': PCA(copy=True, iterated_power='auto', n_components=None, random_state=None,
  svd_solver='auto', tol=0.0, whiten=False), 'transform__n_components': 2}",0.6415094339622641,0.6679245283018868,0.6931818181818182,0.6311787072243346,0.6730038022813688,0.6613636363636364,0.02233359115430462,16,0.7232227488151659,0.671090047393365,0.6609848484848485,0.6707663197729423,0.6660359508041628,0.6784199830540969,0.022702169545962738,0.6368159203980099,0.6722222222222223,0.6888888888888889,0.634020618556701,0.6863905325443787,0.6636590206065244,0.023762599413675665,15,0.7232796486090776,0.6693766937669376,0.6621621621621622,0.6740947075208914,0.6653171390013495,0.6788460702120837,0.0225741985211788,0.8533333333333334,0.8066666666666666,0.8322147651006712,0.825503355704698,0.7785234899328859,0.819290726052471,0.025236532961146967,17,0.8274706867671692,0.8274706867671692,0.8193979933110368,0.8093645484949833,0.8244147157190636,0.8216237262118844,0.006803011732163576,0.6092753623188406,0.6468115942028986,0.6726291216807704,0.6013481690804192,0.6568056046155657,0.6373724046091124,0.027546159843845865,15,0.7074034656543269,0.6473597975320562,0.6367732324633787,0.6497803134631779,0.6420548524129087,0.6566743323051696,0.025758555826843273,0.7362510661173236,0.8234858449424287,0.7760792706666997,0.7700959702869321,0.812457664603085,0.7836566779264527,0.03135329049391953,13,0.8395236007586977,0.8139425323584293,0.8154487205528281,0.8059622572513443,0.816673475655582,0.8183101173153762,0.011246541812241065,-0.23451634076612576,-0.21359706188287814,-0.20853715936749845,-0.2237872876944732,-0.2157084989170599,-0.21923579822260517,0.009097124684212936,23,-0.19157077731718578,-0.21186098578908252,-0.21091087340079462,-0.208530785743041,-0.21898153540145845,-0.20837099153031247,0.009093815842440742,-0.6636765900638263,-0.6132969342792683,-0.7732822660690207,-0.6361630389130293,-0.6212152681383161,-0.6615416643542769,0.058461270912293084,24,-0.5623484936600354,-0.6106713077904138,-0.6056675512484556,-0.6031263810079485,-0.6281206873361799,-0.6019868842086067,0.02165383405752436
8,1.312459897994995,0.11423111785873355,0.13449473381042482,0.032865143440423225,"PCA(copy=True, iterated_power='auto', n_components=None, random_state=None,
  svd_solver='auto', tol=0.0, whiten=False)",4,"{'transform': PCA(copy=True, iterated_power='auto', n_components=None, random_state=None,
  svd_solver='auto', tol=0.0, whiten=False), 'transform__n_components': 4}",0.6566037735849056,0.7924528301886793,0.7689393939393939,0.7718631178707225,0.779467680608365,0.7537878787878788,0.04938252030665648,11,0.8066350710900474,0.7687203791469195,0.7433712121212122,0.783349101229896,0.783349101229896,0.7770849729635941,0.02077628939445954,0.6666666666666666,0.8625954198473282,0.8548387096774194,0.7763975155279503,0.8321167883211679,0.7984629804495194,0.07260325895260869,11,0.8382099827882961,0.8048359240069085,0.8224852071005917,0.8111298482293423,0.8132427843803056,0.8179807493010888,0.011590354754254946,0.7866666666666666,0.7533333333333333,0.7114093959731543,0.8389261744966443,0.7651006711409396,0.7710387431360585,0.04181353462069543,18,0.8157453936348409,0.7805695142378559,0.697324414715719,0.8043478260869565,0.8010033444816054,0.7797980986313956,0.04277163361022279,0.6368115942028986,0.7984057971014493,0.7774438284213598,0.761568350406217,0.7816731425880137,0.7510987061033134,0.0584670445055353,11,0.8052526094811758,0.7669223117040809,0.7504089322486892,0.7801695557450034,0.7806759641798005,0.77668587467175,0.01805502728163517,0.8281881127129505,0.8979510148886335,0.9045930987895924,0.8449579549758148,0.854012445271195,0.8659611076968452,0.030111646039688057,11,0.8961681615432051,0.8886794306391215,0.8826457491189488,0.8924041152991268,0.8857165729314083,0.8891228059063622,0.004778185779462365,-0.1972554984769443,-0.15078743529662159,-0.1451096760441585,-0.15965604069293693,-0.16190994822304844,-0.1629637780383007,0.018220736858693305,17,-0.137585177832723,-0.1520335301751652,-0.15540872377671094,-0.14559786729858687,-0.14515587641179883,-0.14715623509899695,0.0061632241385319066,-0.5638043487617759,-0.4669677202793538,-0.4511615174060095,-0.5063622576679105,-0.5153737314608914,-0.5007407606302733,0.03959776515806972,17,-0.43412232001388407,-0.46486665641963537,-0.47238844237535654,-0.4487173221789457,-0.44979011654438866,-0.45397697150644206,0.013393792207421734
9,0.8477015972137452,0.07215756742456046,0.11112618446350098,0.011765700214759655,"PCA(copy=True, iterated_power='auto', n_components=None, random_state=None,
  svd_solver='auto', tol=0.0, whiten=False)",6,"{'transform': PCA(copy=True, iterated_power='auto', n_components=None, random_state=None,
  svd_solver='auto', tol=0.0, whiten=False), 'transform__n_components': 6}",0.7132075471698113,0.8188679245283019,0.8371212121212122,0.8593155893536122,0.7984790874524715,0.8053030303030303,0.050325939628569225,10,0.8417061611374408,0.8398104265402844,0.8068181818181818,0.8495742667928098,0.8410596026490066,0.8357937277875447,0.014888288649419025,0.7176470588235294,0.7931034482758621,0.9140625,0.8373493975903614,0.8116883116883117,0.814665380243659,0.06374342096611597,10,0.849025974025974,0.8203592814371258,0.8803088803088803,0.8523274478330658,0.8478964401294499,0.849983604746899,0.019015729187294595,0.8133333333333334,0.92,0.785234899328859,0.9328859060402684,0.8389261744966443,0.8580469120737577,0.05848943059791086,15,0.8760469011725294,0.9179229480737019,0.7625418060200669,0.8879598662207357,0.8762541806020067,0.8641451404178081,0.05304849118556965,0.6979710144927536,0.8034782608695652,0.8447913627079078,0.8480219003885553,0.7922701047921819,0.7972013447639665,0.05437919813070478,10,0.8364950663067887,0.8279571072246239,0.8135853134903828,0.8437620681866206,0.8357305761397833,0.8315060262696399,0.010263475809618271,0.8742173668708517,0.9194475452240259,0.9296144337892097,0.9428612484793842,0.8986044694336537,0.9129128000277444,0.024175535209278114,10,0.9417829224020606,0.935720586872133,0.941019113149189,0.9404650904721079,0.9466999532642981,0.9411375332319578,0.0034976150229424512,-0.16130862451645805,-0.13240078725993892,-0.11475730632518581,-0.11770679528970558,-0.13449470869019128,-0.13216508980099023,0.016548755502764516,16,-0.11040420741712809,-0.11317205175411169,-0.11825733909765772,-0.11265321302002468,-0.10752320803450838,-0.1124020038646861,0.003542170799965707,-0.4707689697924115,-0.3966676549732176,-0.4129316509746985,-0.37726714848493687,-0.5185417147208069,-0.43521393366918387,0.05199850313304471,16,-0.35067346620351675,-0.35334743500797366,-0.3643083271078538,-0.35427184322512173,-0.3384054071877688,-0.352201295746447,0.008304719317232416
10,0.8582362174987793,0.10844097877469928,0.09095840454101563,0.006728359425955021,"PCA(copy=True, iterated_power='auto', n_components=None, random_state=None,
  svd_solver='auto', tol=0.0, whiten=False)",8,"{'transform': PCA(copy=True, iterated_power='auto', n_components=None, random_state=None,
  svd_solver='auto', tol=0.0, whiten=False), 'transform__n_components': 8}",0.8452830188679246,0.8528301886792453,0.9090909090909091,0.8897338403041825,0.870722433460076,0.8734848484848485,0.02351599456089999,4,0.9052132701421801,0.9023696682464455,0.8929924242424242,0.8817407757805109,0.8987701040681173,0.8962172484959356,0.008309819487390253,0.8471337579617835,0.8245614035087719,0.8980891719745223,0.8571428571428571,0.844311377245509,0.8542251688144783,0.024348277467433815,8,0.8888888888888888,0.8883647798742138,0.8771384136858476,0.8610687022900764,0.8841940532081377,0.8799309675894328,0.010325994888458105,0.8866666666666667,0.94,0.9463087248322147,0.9664429530201343,0.9463087248322147,0.9370801979526812,0.02679038283593965,6,0.9514237855946399,0.9463986599664992,0.9431438127090301,0.9431438127090301,0.9448160535117057,0.9457852248981811,0.0030679986699164554,0.8389855072463768,0.8395652173913043,0.903589145024803,0.8779583186153304,0.859119274696809,0.8637991540580501,0.0245452309330403,5,0.8982009757667523,0.8956884129526819,0.8853273648697989,0.8724433660495041,0.8917980049693606,0.8886916249216196,0.00921256267625899,0.9295763269584233,0.9660103689170538,0.9582053786490973,0.9570455450340147,0.9235689745303748,0.9468926613756042,0.01697329878558632,4,0.9720242932548622,0.9687291154338066,0.9678558998259356,0.9637367361174045,0.9715395675190617,0.9687771224302141,0.0029809955106990596,-0.11461953864567327,-0.09255070403880818,-0.06767807820276019,-0.08308615993599267,-0.09859217423906341,-0.09132464306436062,0.015656366539258903,10,-0.06950675561709822,-0.07469668855707286,-0.07629416923866664,-0.08220756695624748,-0.07436684381793415,-0.07541440483740387,0.004084944480243607,-0.3850677262344015,-0.29193291619116846,-0.3302412701934914,-0.27928505064813103,-0.4195044143882862,-0.3411897688472996,0.05369449785887317,10,-0.2488815055987575,-0.26181363114939205,-0.2649506381398776,-0.27507858972357385,-0.2514943124129403,-0.2604437354049083,0.009488362108617063
11,0.830207109451294,0.09872135145984492,0.08724613189697265,0.0035938627265540775,"PCA(copy=True, iterated_power='auto', n_components=None, random_state=None,
  svd_solver='auto', tol=0.0, whiten=False)",10,"{'transform': PCA(copy=True, iterated_power='auto', n_components=None, random_state=None,
  svd_solver='auto', tol=0.0, whiten=False), 'transform__n_components': 10}",0.8452830188679246,0.8679245283018868,0.9128787878787878,0.8783269961977186,0.8745247148288974,0.8757575757575757,0.02181687856459038,3,0.9118483412322275,0.9071090047393365,0.9024621212121212,0.8940397350993378,0.902554399243141,0.9036027203052328,0.0059014392209550065,0.8516129032258064,0.8285714285714286,0.8987341772151899,0.8502994011976048,0.8452380952380952,0.8548795699042929,0.023418721051833326,7,0.9,0.8880248833592534,0.8825347758887172,0.8738461538461538,0.8849144634525661,0.8858640553093382,0.008495997785929304,0.88,0.9666666666666667,0.9530201342281879,0.9530201342281879,0.9530201342281879,0.9411004338688902,0.031076273000370937,4,0.949748743718593,0.9564489112227805,0.9548494983277592,0.9498327759197325,0.9515050167224081,0.9524769891822548,0.0027123746751474827,0.8400000000000001,0.8528985507246376,0.9069448497227897,0.8668609443070764,0.8624749793947957,0.8658082607594226,0.02254006557406759,3,0.9060970792828773,0.899621835524054,0.8944553168494691,0.8855917692234828,0.8951424865747117,0.896181697490919,0.006728391723499771,0.9290311394375982,0.9739317656550197,0.9788412940787306,0.9488963292103216,0.9425481274322556,0.9546584572600957,0.018953127002787756,3,0.9786721836889974,0.9721439448887109,0.9728936508317357,0.9726919204978551,0.9748335764507723,0.9742470552716143,0.0023916099025153206,-0.11089761137286748,-0.08791560497103584,-0.06397154214122763,-0.08259440399099434,-0.09060269163605313,-0.08721577697449391,0.015076097842607872,9,-0.06679279114900549,-0.06871215695813389,-0.07300066450972445,-0.07393491159852983,-0.0694242090688518,-0.0703729466568491,0.002685827032951409,-0.3870848064746487,-0.2764018132315757,-0.2636547038773777,-0.31227898084219774,-0.30302733679639265,-0.3085260284732776,0.043100628167515885,9,-0.24389843396771924,-0.24529542539190302,-0.25416251084509467,-0.26042282047687726,-0.24151772587677783,-0.2490593833116744,0.007111244462790984
12,0.8687092781066894,0.08957025990060055,0.09617176055908203,0.007932355026737805,"PCA(copy=True, iterated_power='auto', n_components=None, random_state=None,
  svd_solver='auto', tol=0.0, whiten=False)",12,"{'transform': PCA(copy=True, iterated_power='auto', n_components=None, random_state=None,
  svd_solver='auto', tol=0.0, whiten=False), 'transform__n_components': 12}",0.8679245283018868,0.8830188679245283,0.9242424242424242,0.9163498098859315,0.8897338403041825,0.8962121212121212,0.021021121028585093,2,0.933649289099526,0.9308056872037914,0.9109848484848485,0.9328287606433302,0.9337748344370861,0.9284086839737166,0.008776471480880817,0.8616352201257862,0.8361581920903954,0.910828025477707,0.8848484848484849,0.8658536585365854,0.8718246338436941,0.024927459896243506,6,0.9175911251980983,0.906832298136646,0.8865030674846626,0.9097978227060654,0.916403785488959,0.9074256198028863,0.011204262865079048,0.9133333333333333,0.9866666666666667,0.959731543624161,0.9798657718120806,0.9530201342281879,0.9584985763677039,0.025808217094141182,3,0.9698492462311558,0.9782244556113903,0.9665551839464883,0.9782608695652174,0.9715719063545151,0.9728923323417534,0.004656523985339686,0.8610144927536232,0.8672463768115942,0.9189962065946893,0.906599552572707,0.8800188390439185,0.8867308833113281,0.022468299949747736,2,0.9281560641636128,0.9236100443995816,0.9024915657723708,0.9259496068958984,0.9280517483842292,0.9216518059231387,0.009723016327572638,0.9499389939199082,0.9803386081025791,0.9855357345821492,0.9710106892930659,0.9408835080379898,0.9655554336088743,0.017317186492196893,2,0.9872409586025417,0.9804681596025451,0.9762761236704277,0.9847048962191762,0.9870368816643115,0.9831454039518004,0.0042119789103427195,-0.09137441313553973,-0.07819758747821741,-0.05801001692103824,-0.05733132191142993,-0.08737447064388894,-0.07447640005443076,0.0143543458566365,8,-0.046422789980514224,-0.05534813157737781,-0.0660214115113408,-0.04806678892685811,-0.05143280125428335,-0.05345838465007487,0.006986739901504936,-0.37237197008513606,-0.25051328498216896,-0.2393204597131777,-0.24558293374777637,-0.3526065615065383,-0.2920977509159087,0.057952566618426946,8,-0.1820726767484362,-0.20260824154332036,-0.23338407781841175,-0.18413381251779895,-0.18062847427056433,-0.1965654565797063,0.020053428467358206
13,0.0011477470397949219,0.00011743919359793364,0.0,0.0,"MDS(dissimilarity='euclidean', eps=0.001, max_iter=300, metric=True,
  n_components=2, n_init=4, n_jobs=None, random_state=None, verbose=0)",2,"{'transform': MDS(dissimilarity='euclidean', eps=0.001, max_iter=300, metric=True,
  n_components=2, n_init=4, n_jobs=None, random_state=None, verbose=0), 'transform__n_components': 2}",0.0,0.0,0.0,0.0,0.0,0.0,0.0,20,0.0,0.0,0.0,0.0,0.0,0.0,0.0,0.0,0.0,0.0,0.0,0.0,0.0,0.0,20,0.0,0.0,0.0,0.0,0.0,0.0,0.0,0.0,0.0,0.0,0.0,0.0,0.0,0.0,20,0.0,0.0,0.0,0.0,0.0,0.0,0.0,0.0,0.0,0.0,0.0,0.0,0.0,0.0,20,0.0,0.0,0.0,0.0,0.0,0.0,0.0,0.0,0.0,0.0,0.0,0.0,0.0,0.0,20,0.0,0.0,0.0,0.0,0.0,0.0,0.0,0.0,0.0,0.0,0.0,0.0,0.0,0.0,1,0.0,0.0,0.0,0.0,0.0,0.0,0.0,0.0,0.0,0.0,0.0,0.0,0.0,0.0,1,0.0,0.0,0.0,0.0,0.0,0.0,0.0
14,0.0028258323669433593,0.0016768234956904317,0.0,0.0,"MDS(dissimilarity='euclidean', eps=0.001, max_iter=300, metric=True,
  n_components=2, n_init=4, n_jobs=None, random_state=None, verbose=0)",4,"{'transform': MDS(dissimilarity='euclidean', eps=0.001, max_iter=300, metric=True,
  n_components=2, n_init=4, n_jobs=None, random_state=None, verbose=0), 'transform__n_components': 4}",0.0,0.0,0.0,0.0,0.0,0.0,0.0,20,0.0,0.0,0.0,0.0,0.0,0.0,0.0,0.0,0.0,0.0,0.0,0.0,0.0,0.0,20,0.0,0.0,0.0,0.0,0.0,0.0,0.0,0.0,0.0,0.0,0.0,0.0,0.0,0.0,20,0.0,0.0,0.0,0.0,0.0,0.0,0.0,0.0,0.0,0.0,0.0,0.0,0.0,0.0,20,0.0,0.0,0.0,0.0,0.0,0.0,0.0,0.0,0.0,0.0,0.0,0.0,0.0,0.0,20,0.0,0.0,0.0,0.0,0.0,0.0,0.0,0.0,0.0,0.0,0.0,0.0,0.0,0.0,1,0.0,0.0,0.0,0.0,0.0,0.0,0.0,0.0,0.0,0.0,0.0,0.0,0.0,0.0,1,0.0,0.0,0.0,0.0,0.0,0.0,0.0
15,0.0013710498809814454,0.0004960013865933852,0.0,0.0,"MDS(dissimilarity='euclidean', eps=0.001, max_iter=300, metric=True,
  n_components=2, n_init=4, n_jobs=None, random_state=None, verbose=0)",6,"{'transform': MDS(dissimilarity='euclidean', eps=0.001, max_iter=300, metric=True,
  n_components=2, n_init=4, n_jobs=None, random_state=None, verbose=0), 'transform__n_components': 6}",0.0,0.0,0.0,0.0,0.0,0.0,0.0,20,0.0,0.0,0.0,0.0,0.0,0.0,0.0,0.0,0.0,0.0,0.0,0.0,0.0,0.0,20,0.0,0.0,0.0,0.0,0.0,0.0,0.0,0.0,0.0,0.0,0.0,0.0,0.0,0.0,20,0.0,0.0,0.0,0.0,0.0,0.0,0.0,0.0,0.0,0.0,0.0,0.0,0.0,0.0,20,0.0,0.0,0.0,0.0,0.0,0.0,0.0,0.0,0.0,0.0,0.0,0.0,0.0,0.0,20,0.0,0.0,0.0,0.0,0.0,0.0,0.0,0.0,0.0,0.0,0.0,0.0,0.0,0.0,1,0.0,0.0,0.0,0.0,0.0,0.0,0.0,0.0,0.0,0.0,0.0,0.0,0.0,0.0,1,0.0,0.0,0.0,0.0,0.0,0.0,0.0
16,0.002088165283203125,0.0008060722029597776,0.0,0.0,"MDS(dissimilarity='euclidean', eps=0.001, max_iter=300, metric=True,
  n_components=2, n_init=4, n_jobs=None, random_state=None, verbose=0)",8,"{'transform': MDS(dissimilarity='euclidean', eps=0.001, max_iter=300, metric=True,
  n_components=2, n_init=4, n_jobs=None, random_state=None, verbose=0), 'transform__n_components': 8}",0.0,0.0,0.0,0.0,0.0,0.0,0.0,20,0.0,0.0,0.0,0.0,0.0,0.0,0.0,0.0,0.0,0.0,0.0,0.0,0.0,0.0,20,0.0,0.0,0.0,0.0,0.0,0.0,0.0,0.0,0.0,0.0,0.0,0.0,0.0,0.0,20,0.0,0.0,0.0,0.0,0.0,0.0,0.0,0.0,0.0,0.0,0.0,0.0,0.0,0.0,20,0.0,0.0,0.0,0.0,0.0,0.0,0.0,0.0,0.0,0.0,0.0,0.0,0.0,0.0,20,0.0,0.0,0.0,0.0,0.0,0.0,0.0,0.0,0.0,0.0,0.0,0.0,0.0,0.0,1,0.0,0.0,0.0,0.0,0.0,0.0,0.0,0.0,0.0,0.0,0.0,0.0,0.0,0.0,1,0.0,0.0,0.0,0.0,0.0,0.0,0.0
17,0.0019501209259033202,0.0010838391399463079,0.0,0.0,"MDS(dissimilarity='euclidean', eps=0.001, max_iter=300, metric=True,
  n_components=2, n_init=4, n_jobs=None, random_state=None, verbose=0)",10,"{'transform': MDS(dissimilarity='euclidean', eps=0.001, max_iter=300, metric=True,
  n_components=2, n_init=4, n_jobs=None, random_state=None, verbose=0), 'transform__n_components': 10}",0.0,0.0,0.0,0.0,0.0,0.0,0.0,20,0.0,0.0,0.0,0.0,0.0,0.0,0.0,0.0,0.0,0.0,0.0,0.0,0.0,0.0,20,0.0,0.0,0.0,0.0,0.0,0.0,0.0,0.0,0.0,0.0,0.0,0.0,0.0,0.0,20,0.0,0.0,0.0,0.0,0.0,0.0,0.0,0.0,0.0,0.0,0.0,0.0,0.0,0.0,20,0.0,0.0,0.0,0.0,0.0,0.0,0.0,0.0,0.0,0.0,0.0,0.0,0.0,0.0,20,0.0,0.0,0.0,0.0,0.0,0.0,0.0,0.0,0.0,0.0,0.0,0.0,0.0,0.0,1,0.0,0.0,0.0,0.0,0.0,0.0,0.0,0.0,0.0,0.0,0.0,0.0,0.0,0.0,1,0.0,0.0,0.0,0.0,0.0,0.0,0.0
18,0.002254343032836914,0.0013792206283521368,0.0,0.0,"MDS(dissimilarity='euclidean', eps=0.001, max_iter=300, metric=True,
  n_components=2, n_init=4, n_jobs=None, random_state=None, verbose=0)",12,"{'transform': MDS(dissimilarity='euclidean', eps=0.001, max_iter=300, metric=True,
  n_components=2, n_init=4, n_jobs=None, random_state=None, verbose=0), 'transform__n_components': 12}",0.0,0.0,0.0,0.0,0.0,0.0,0.0,20,0.0,0.0,0.0,0.0,0.0,0.0,0.0,0.0,0.0,0.0,0.0,0.0,0.0,0.0,20,0.0,0.0,0.0,0.0,0.0,0.0,0.0,0.0,0.0,0.0,0.0,0.0,0.0,0.0,20,0.0,0.0,0.0,0.0,0.0,0.0,0.0,0.0,0.0,0.0,0.0,0.0,0.0,0.0,20,0.0,0.0,0.0,0.0,0.0,0.0,0.0,0.0,0.0,0.0,0.0,0.0,0.0,0.0,20,0.0,0.0,0.0,0.0,0.0,0.0,0.0,0.0,0.0,0.0,0.0,0.0,0.0,0.0,1,0.0,0.0,0.0,0.0,0.0,0.0,0.0,0.0,0.0,0.0,0.0,0.0,0.0,0.0,1,0.0,0.0,0.0,0.0,0.0,0.0,0.0
19,2.4403561115264893,0.7557790966829286,2.0056565284729,0.12515662200691308,"LocallyLinearEmbedding(eigen_solver='auto', hessian_tol=0.0001, max_iter=100,
            method='standard', modified_tol=1e-12, n_components=2,
            n_jobs=-1, n_neighbors=5, neighbors_algorithm='auto',
            random_state=None, reg=0.001, tol=1e-06)",2,"{'transform': LocallyLinearEmbedding(eigen_solver='auto', hessian_tol=0.0001, max_iter=100,
            method='standard', modified_tol=1e-12, n_components=2,
            n_jobs=-1, n_neighbors=5, neighbors_algorithm='auto',
            random_state=None, reg=0.001, tol=1e-06), 'transform__n_components': 2}",0.5886792452830188,0.5735849056603773,0.6022727272727273,0.5665399239543726,0.5817490494296578,0.5825757575757575,0.012356056577509307,19,0.590521327014218,0.581042654028436,0.6126893939393939,0.5884578997161779,0.5912961210974456,0.5928014791591344,0.010584243022874537,0.5791505791505791,0.5703422053231939,0.5866141732283464,0.5686274509803921,0.5752895752895753,0.5760090208536628,0.006471588520443888,19,0.5801749271137027,0.5745909528392685,0.5938430983118173,0.5807730426164519,0.5805825242718446,0.5819929090306171,0.006356072040896455,1.0,1.0,1.0,0.9731543624161074,1.0,0.9946512100874517,0.010722971695200617,1,1.0,1.0,1.0,0.979933110367893,1.0,0.9959866220735787,0.008026755852842803,0.5260869565217391,0.508695652173913,0.5434782608695652,0.5041210408571766,0.5175438596491229,0.5199950916720226,0.01395627716130358,19,0.5283842794759825,0.517467248908297,0.5534934497816594,0.5291822414584563,0.5294117647058824,0.5315877968660555,0.011832428666473339,0.5509473878093536,0.5642193015645507,0.6372940428641682,0.5904664106958615,0.6545489659092985,0.599396851551047,0.0403590661276057,19,0.5577428362973114,0.564264897872015,0.6270840453131675,0.6081779364227424,0.6412888335895424,0.5997117098989557,0.033368972972588166,-0.23912180676229605,-0.24380608069789136,-0.23162620326815708,-0.2447296060135603,-0.23359037021547907,-0.23857830423331855,0.005263873499251129,25,-0.23631445681711424,-0.24077176750615328,-0.23167456906252057,-0.24057928372778642,-0.23293885900439404,-0.23645578722359373,0.0037650953429124944,-0.6673374605774274,-0.6799291619930448,-0.6549669573255341,-0.6820117266625048,-0.6583723998583941,-0.6685287552955398,0.010951449678593262,25,-0.6609123007399369,-0.6728379051819181,-0.6516204956659377,-0.6734914377103971,-0.6563026823004203,-0.663032964319722,0.008781285575884585
20,2.0858087062835695,0.2290734831956695,2.1611960411071776,0.015533985680331827,"LocallyLinearEmbedding(eigen_solver='auto', hessian_tol=0.0001, max_iter=100,
            method='standard', modified_tol=1e-12, n_components=2,
            n_jobs=-1, n_neighbors=5, neighbors_algorithm='auto',
            random_state=None, reg=0.001, tol=1e-06)",4,"{'transform': LocallyLinearEmbedding(eigen_solver='auto', hessian_tol=0.0001, max_iter=100,
            method='standard', modified_tol=1e-12, n_components=2,
            n_jobs=-1, n_neighbors=5, neighbors_algorithm='auto',
            random_state=None, reg=0.001, tol=1e-06), 'transform__n_components': 4}",0.5811320754716981,0.6754716981132075,0.6666666666666666,0.623574144486692,0.5475285171102662,0.6189393939393939,0.04903530136428585,18,0.6180094786729858,0.6985781990521327,0.6553030303030303,0.6329233680227058,0.565752128666036,0.6341132409433781,0.04367774404818534,0.5764705882352941,0.6584158415841584,0.6286919831223629,0.6041666666666666,0.5707547169811321,0.6077453873832044,0.03278317749162414,18,0.6012526096033403,0.6732919254658385,0.6221294363256785,0.6091476091476091,0.5807200929152149,0.6173083346915363,0.031049923164944704,0.98,0.8866666666666667,1.0,0.9731543624161074,0.8120805369127517,0.9304420039319368,0.07071203233644528,7,0.964824120603015,0.9078726968174204,0.9966555183946488,0.979933110367893,0.8361204013377926,0.9370811695041541,0.0586536866746209,0.5204347826086957,0.6433333333333333,0.6173913043478261,0.5699105145413871,0.506917461438832,0.5716633429964102,0.053029440808886184,18,0.565381492615918,0.6668184444785792,0.6031312526471061,0.5803804985390664,0.5248140133050619,0.5881051403171463,0.04691134045765865,0.5682626879200605,0.7113929431832933,0.7144988888709698,0.7213037279960147,0.697869513284129,0.6825598570916686,0.05778723755861388,18,0.6089767177514531,0.7541755435975395,0.7615793286030585,0.6809622457674139,0.749475566631219,0.7110338804701369,0.05867499694954435,-0.23939412117698985,-0.21187211300672906,-0.22179723329923906,-0.2181305856204631,-0.23424771604150754,-0.2250875113536234,0.010231281506858614,24,-0.22920792375313112,-0.20749938810481433,-0.22148025651387954,-0.2179578663904439,-0.2252783173593843,-0.22028475042433066,0.007414416318892412,-0.6678666278037464,-0.6102552517511268,-0.6322271312047394,-0.6207138857799498,-0.6589793151927482,-0.6380072519514486,0.02207962544565439,23,-0.6457608828344896,-0.6037709120711436,-0.6279229993832899,-0.6221668599705169,-0.6402502496052186,-0.6279743807729318,0.014741739695771552
21,1.8266424655914306,0.2834154852133065,2.1896371364593508,0.06553154316284593,"LocallyLinearEmbedding(eigen_solver='auto', hessian_tol=0.0001, max_iter=100,
            method='standard', modified_tol=1e-12, n_components=2,
            n_jobs=-1, n_neighbors=5, neighbors_algorithm='auto',
            random_state=None, reg=0.001, tol=1e-06)",6,"{'transform': LocallyLinearEmbedding(eigen_solver='auto', hessian_tol=0.0001, max_iter=100,
            method='standard', modified_tol=1e-12, n_components=2,
            n_jobs=-1, n_neighbors=5, neighbors_algorithm='auto',
            random_state=None, reg=0.001, tol=1e-06), 'transform__n_components': 6}",0.6113207547169811,0.6150943396226415,0.6515151515151515,0.6730038022813688,0.7110266159695817,0.6522727272727272,0.037251984811301084,17,0.6350710900473934,0.6654028436018957,0.6571969696969697,0.7057710501419111,0.7313150425733207,0.6789513992122982,0.03476649225072853,0.6026200873362445,0.6100917431192661,0.6390243902439025,0.6351931330472103,0.7039106145251397,0.6380722422019913,0.03570693611214839,17,0.6180400890868597,0.648418491484185,0.6418269230769231,0.6606942889137738,0.7262247838616714,0.6590409152846826,0.036350050908788956,0.92,0.8866666666666667,0.8791946308724832,0.9932885906040269,0.8456375838926175,0.9049330553860755,0.05001005647207127,9,0.9296482412060302,0.8927973199329984,0.8929765886287625,0.9866220735785953,0.842809364548495,0.9089707175789764,0.04764873274084403,0.5643478260869565,0.573768115942029,0.617858185001459,0.6238372777581538,0.6903626515954315,0.6139014143167115,0.044765659364570734,17,0.5903699721313993,0.6308964765603857,0.6211607833973507,0.6632456773121735,0.7144330047143346,0.6440211828231288,0.04219173861190351,0.701344929024854,0.7447463741230778,0.6813049320309278,0.707626704793807,0.7486268680521727,0.7167222629158027,0.025986669583347194,16,0.7412871434572019,0.7855142450981862,0.73476715197712,0.7083526842816447,0.8147241782921586,0.7569290806212623,0.03808640834675101,-0.21834807088143937,-0.22572073444233837,-0.22452886882911327,-0.20365539342792643,-0.1955295412020415,-0.2135905246889156,0.011944564991533124,22,-0.20854929102378686,-0.2121180996902658,-0.21268852915331693,-0.19557217173747726,-0.18420288722547049,-0.20262619576606347,0.011096011926024111,-0.624947643072125,-0.64056939496847,-0.642111740693414,-0.6228688771018728,-0.6333287245662781,-0.6327723362595021,0.00784502401637204,22,-0.6023014822497235,-0.6109420520707418,-0.6097649393825879,-0.5676653660496486,-0.5667800969533546,-0.5914907873412113,0.020037147381698428
22,2.0802900791168213,0.5533228193380075,2.1264105319976805,0.1003509291337244,"LocallyLinearEmbedding(eigen_solver='auto', hessian_tol=0.0001, max_iter=100,
            method='standard', modified_tol=1e-12, n_components=2,
            n_jobs=-1, n_neighbors=5, neighbors_algorithm='auto',
            random_state=None, reg=0.001, tol=1e-06)",8,"{'transform': LocallyLinearEmbedding(eigen_solver='auto', hessian_tol=0.0001, max_iter=100,
            method='standard', modified_tol=1e-12, n_components=2,
            n_jobs=-1, n_neighbors=5, neighbors_algorithm='auto',
            random_state=None, reg=0.001, tol=1e-06), 'transform__n_components': 8}",0.6377358490566037,0.7094339622641509,0.6628787878787878,0.6920152091254753,0.6539923954372624,0.6712121212121213,0.026028131010104955,15,0.7336492890995261,0.728909952606635,0.6581439393939394,0.7360454115421002,0.6584673604541155,0.7030431906192632,0.03660031863588477,0.6261682242990654,0.6763285024154589,0.6388888888888888,0.660377358490566,0.6271929824561403,0.6458024991780299,0.01963035280423806,16,0.7010178117048346,0.6889428918590522,0.6373117033603708,0.6933333333333334,0.6321070234113713,0.6705425527337925,0.029557783523081686,0.8933333333333333,0.9333333333333333,0.9261744966442953,0.9395973154362416,0.959731543624161,0.9303789573588231,0.02166556055722565,8,0.9229480737018425,0.949748743718593,0.919732441471572,0.9565217391304348,0.9481605351170569,0.9394223066278998,0.015063025409272032,0.5988405797101449,0.6753623188405797,0.6239568135395389,0.6540091840339103,0.6070587542682209,0.63185548080594,0.02883744884615271,16,0.7049238185103099,0.6953983893265454,0.618163163967227,0.7026617410249124,0.6146031433755219,0.6671500512409033,0.04158557168205453,0.7465125495491844,0.7534730880390914,0.6741355145920067,0.628385082635244,0.7292782328693959,0.7064647134779569,0.04788540598131627,17,0.8257349155742206,0.7353959418197575,0.7273948211091177,0.7463253433664416,0.7749397138064813,0.7619581471352037,0.035722698880803684,-0.21750072916876045,-0.21194042035604574,-0.21839678808770602,-0.20349038409936585,-0.20963337092478698,-0.2122047001898335,0.005455356483079463,21,-0.17601560820293974,-0.20620345785153366,-0.21401461746135975,-0.17894372268126488,-0.2069136181679946,-0.19641820487301853,0.01572998468414295,-0.6503940875099867,-0.6206365623375057,-0.6267739244657501,-0.593331144484194,-0.6068883668374041,-0.6196584619288817,0.019249970903397293,21,-0.5362010598003307,-0.6044316565613634,-0.6123996123838004,-0.5234548471604745,-0.6002161715611576,-0.5753406694934254,0.03758321164018608
23,12.066510820388794,4.248254187431531,1.993790864944458,0.152883532343975,"LocallyLinearEmbedding(eigen_solver='auto', hessian_tol=0.0001, max_iter=100,
            method='standard', modified_tol=1e-12, n_components=2,
            n_jobs=-1, n_neighbors=5, neighbors_algorithm='auto',
            random_state=None, reg=0.001, tol=1e-06)",10,"{'transform': LocallyLinearEmbedding(eigen_solver='auto', hessian_tol=0.0001, max_iter=100,
            method='standard', modified_tol=1e-12, n_components=2,
            n_jobs=-1, n_neighbors=5, neighbors_algorithm='auto',
            random_state=None, reg=0.001, tol=1e-06), 'transform__n_components': 10}",0.690566037735849,0.7471698113207547,0.7386363636363636,0.7072243346007605,0.7718631178707225,0.7310606060606061,0.028942900569731644,14,0.771563981042654,0.7886255924170616,0.7035984848484849,0.7757805108798487,0.8145695364238411,0.770827621122378,0.03681019707489298,0.6517857142857143,0.7172774869109948,0.7247191011235955,0.6682242990654206,0.8111888111888111,0.7145554840989546,0.05568982188286364,13,0.7258883248730964,0.7527027027027027,0.6981919332406119,0.7270440251572327,0.8628158844765343,0.7533285740900355,0.05739644031559794,0.9733333333333334,0.9133333333333333,0.8657718120805369,0.959731543624161,0.7785234899328859,0.8982511355162361,0.07069351418119967,10,0.9581239530988275,0.932998324958124,0.8394648829431438,0.9665551839464883,0.7993311036789298,0.8992946897251027,0.06736930407047088,0.647536231884058,0.7218840579710145,0.7198424277793989,0.6684622630401507,0.7708406923348641,0.7056601931886245,0.043514107745384605,14,0.743254116287405,0.7667175030904156,0.6828328781527946,0.7468941497074489,0.8168768808154998,0.7513151056107128,0.04315071284160417,0.7275789492751492,0.8190167423089862,0.7467257110938095,0.6990256378999973,0.8673339427993013,0.7719212240321797,0.061963909778891886,14,0.8149794625210225,0.8726735837085877,0.7744985200506849,0.781005602816919,0.9105005569950165,0.8307315452184462,0.052924815368716564,-0.2011886331782449,-0.17288770149772859,-0.19153529532372157,-0.19555164777220102,-0.1433074448590086,-0.18092082425500272,0.021035399107039304,20,-0.1636642796282296,-0.14964330926444583,-0.18807700733398094,-0.16414535763549967,-0.1221923008750459,-0.15754445094744035,0.02156600948863656,-0.5781686560836705,-0.6337967799957351,-0.5704325457897874,-0.622662487334203,-0.4383758006214263,-0.5688015927135431,0.06952347724297316,20,-0.4941981542059705,-0.4685429943976038,-0.5520270712135726,-0.4954435623897375,-0.3856815130539601,-0.47917865905216883,0.05413290522805518
24,3.1072384834289553,0.6260444407401689,1.8057181358337402,0.026467896999131255,"LocallyLinearEmbedding(eigen_solver='auto', hessian_tol=0.0001, max_iter=100,
            method='standard', modified_tol=1e-12, n_components=2,
            n_jobs=-1, n_neighbors=5, neighbors_algorithm='auto',
            random_state=None, reg=0.001, tol=1e-06)",12,"{'transform': LocallyLinearEmbedding(eigen_solver='auto', hessian_tol=0.0001, max_iter=100,
            method='standard', modified_tol=1e-12, n_components=2,
            n_jobs=-1, n_neighbors=5, neighbors_algorithm='auto',
            random_state=None, reg=0.001, tol=1e-06), 'transform__n_components': 12}",0.7018867924528301,0.7811320754716982,0.7424242424242424,0.714828897338403,0.779467680608365,0.7439393939393939,0.032458095477432385,12,0.7800947867298578,0.8037914691943128,0.740530303030303,0.7786187322611163,0.8164616840113529,0.7838993950453885,0.02599706084440325,0.6606334841628959,0.7371134020618557,0.6883720930232559,0.6745283018867925,0.8013245033112583,0.7123351857384743,0.051355145598109456,14,0.732484076433121,0.7708333333333334,0.6862068965517242,0.7292191435768262,0.8412162162162162,0.7519919332222441,0.05204382481796591,0.9733333333333334,0.9533333333333334,0.9932885906040269,0.959731543624161,0.8120805369127517,0.9384707816419224,0.06451514233914286,5,0.9631490787269682,0.9296482412060302,0.9983277591973244,0.9682274247491639,0.8327759197324415,0.9384256847223856,0.05714291697707401,0.6605797101449276,0.7549275362318841,0.7053399474759264,0.6772341928647121,0.7744613210879547,0.7144811262068569,0.04383631619926788,13,0.7523168974420867,0.7846931162362029,0.7011289451008456,0.7499089193462596,0.8139914457050007,0.7604078647660791,0.037817074210067025,0.6972128128936699,0.8303259260848357,0.7336230487210882,0.6842947436117129,0.8524501439726773,0.7595743607017923,0.06905172183055802,15,0.8202120884379934,0.8727287162426886,0.79128604702729,0.7383772899204926,0.911530940392656,0.8268270164042242,0.0606827696770608,-0.20116759023300285,-0.16450699155467352,-0.19069919812405944,-0.19375922695620545,-0.14591751240134818,-0.1792297991890322,0.02072693195194468,19,-0.15374673881098905,-0.14926710829607426,-0.18440901486244066,-0.16505318340547315,-0.12454483969751506,-0.15540417701449843,0.01963208270365102,-0.5773270986105223,-0.5420923539893581,-0.5675630388442593,-0.5690434602023243,-0.45270204386498986,-0.5418195945178458,0.0459968355432316,18,-0.46052427620101427,-0.4647580018361858,-0.5450357541743465,-0.5019710910954195,-0.3971970647118995,-0.4738972376037731,0.04897776646289763
